{
  "Current_Price": {
    "lower": -252.1500015258789,
    "upper": 528.1700057983398
  },
  "Price_Change": {
    "lower": -31.469361239778188,
    "upper": 48.11440683095708
  },
  "Volatility": {
    "lower": -39.26011213719477,
    "upper": 78.14494299658566
  },
  "ROE": {
    "lower": -20.721000000000004,
    "upper": 61.35900000000001
  },
  "Cash_Ratio": {
    "lower": -64.5354224325451,
    "upper": 122.04279995508944
  },
  "Net_Cash_Flow": {
    "lower": -3320781713.837366,
    "upper": 5907468836.30242
  },
  "Net_Income": {
    "lower": -3214591241.840693,
    "upper": 6569234796.304416
  },
  "Earnings_Per_Share": {
    "lower": -9.280000000000001,
    "upper": 18.720000000000002
  },
  "Estimated_Shares_Outstanding": {
    "lower": -891360980.0,
    "upper": 1938074556.0
  },
  "P/E_Ratio": {
    "lower": -14.056420000000003,
    "upper": 77.307244
  },
  "P/B_Ratio": {
    "lower": -7.543689249999999,
    "upper": 19.06568715
  }
}